{"loss": 0.16869811713695526, "acc": 0.9353749752044678}