{"loss": 0.23860545456409454, "acc": 0.9081249833106995}